series,stage,x,y,z,error,x_unit,y_unit,z_unit,source,entity_kind,entity_id,frame,time,run,source_row,original_components,submodelpart,size,size_unit,share
Tip node 5: Z,derived,0.125,0.00058915452,,,s,mm,unknown,tip,Nodes,5,0,0.125,,,,,,unknown,
Tip node 5: Z,derived,0.25,0.00058914793,,,s,mm,unknown,tip,Nodes,5,1,0.25,,,,,,unknown,
Tip node 5: Z,derived,0.375,0.00058914793,,,s,mm,unknown,tip,Nodes,5,2,0.375,,,,,,unknown,
Tip node 5: Z,derived,0.5,0.00058914793,,,s,mm,unknown,tip,Nodes,5,3,0.5,,,,,,unknown,
Tip node 5: Z,derived,0.625,0.00058914793,,,s,mm,unknown,tip,Nodes,5,4,0.625,,,,,,unknown,
Tip node 5: Z,derived,0.75,0.00058914793,,,s,mm,unknown,tip,Nodes,5,5,0.75,,,,,,unknown,
Tip node 5: Z,derived,0.875,0.00058914793,,,s,mm,unknown,tip,Nodes,5,6,0.875,,,,,,unknown,
Tip node 5: Z,derived,1,0.00058914793,,,s,mm,unknown,tip,Nodes,5,7,1,,,,,,unknown,
Tip node 5: Z,original,0.125,5.8915452e-7,,,s,unknown,unknown,tip,Nodes,5,0,0.125,,,,,,unknown,
Tip node 5: Z,original,0.25,5.8914793e-7,,,s,unknown,unknown,tip,Nodes,5,1,0.25,,,,,,unknown,
Tip node 5: Z,original,0.375,5.8914793e-7,,,s,unknown,unknown,tip,Nodes,5,2,0.375,,,,,,unknown,
Tip node 5: Z,original,0.5,5.8914793e-7,,,s,unknown,unknown,tip,Nodes,5,3,0.5,,,,,,unknown,
Tip node 5: Z,original,0.625,5.8914793e-7,,,s,unknown,unknown,tip,Nodes,5,4,0.625,,,,,,unknown,
Tip node 5: Z,original,0.75,5.8914793e-7,,,s,unknown,unknown,tip,Nodes,5,5,0.75,,,,,,unknown,
Tip node 5: Z,original,0.875,5.8914793e-7,,,s,unknown,unknown,tip,Nodes,5,6,0.875,,,,,,unknown,
Tip node 5: Z,original,1,5.8914793e-7,,,s,unknown,unknown,tip,Nodes,5,7,1,,,,,,unknown,
